n_reads,n_threads,finegrain_type,avg_t_calcscore,avg_t_adread,avg_t_adisum
10,1,1,1.25781e+07,1.2049e+07,1.09125e+07
10,1,1,1.21043e+07,1.16444e+07,1.05096e+07
10,2,1,7.47942e+06,6.8389e+06,6.03454e+06
10,4,1,5.61461e+06,4.85495e+06,4.29773e+06
10,8,1,5.95215e+06,5.21516e+06,4.55632e+06
10,16,1,1.13942e+07,1.04013e+07,9.35516e+06
10,4,1,7.04806e+06,6.20704e+06,5.49367e+06
10,16,1,1.28616e+07,1.15367e+07,1.02686e+07
10,32,1,1.59782e+07,1.48763e+07,1.36552e+07
10,64,1,2.26504e+07,2.16106e+07,1.96524e+07
10,1,1,1.24686e+07,1.19487e+07,1.07739e+07
10,2,1,7.51831e+06,6.98742e+06,6.3348e+06
10,4,1,5.36703e+06,4.48278e+06,3.9942e+06
10,4,1,4.07722e+06,3.47528e+06,3.05994e+06
10,2,1,5.86957e+06,5.22503e+06,4.68881e+06
10,4,1,3.64945e+06,3.22402e+06,2.8326e+06
10,2,1,5.63052e+06,5.11994e+06,4.55551e+06
10,4,1,3.98416e+06,3.41354e+06,3.00635e+06
10,4,1,4.00223e+06,3.52819e+06,3.11715e+06
10,5,1,4.14882e+06,3.34313e+06,3.0131e+06
10,6,1,3.85316e+06,2.99808e+06,2.67072e+06
10,7,1,4.00446e+06,3.38061e+06,3.0415e+06
10,8,1,4.39587e+06,3.67349e+06,3.20476e+06
10,4,1,3.79664e+06,3.32505e+06,2.93751e+06
10,5,1,3.99236e+06,3.31778e+06,2.94754e+06
10,6,1,3.40004e+06,2.79588e+06,2.44219e+06
10,7,1,3.97343e+06,3.42388e+06,3.05653e+06
10,8,1,4.01837e+06,3.4672e+06,2.96319e+06
10,1,1,9.42583e+06,9.02639e+06,8.22957e+06
10,2,1,6.30906e+06,5.80682e+06,5.19282e+06
10,4,1,4.92575e+06,4.21264e+06,3.77413e+06
10,5,1,3.67647e+06,3.23073e+06,2.86919e+06
10,6,1,3.60989e+06,3.08853e+06,2.73939e+06
10,8,1,4.66811e+06,3.92013e+06,3.497e+06
10,10,1,7.03043e+06,6.14522e+06,5.56086e+06
10,1,1,9.4055e+06,9.03914e+06,8.20016e+06
10,2,1,7.19789e+06,6.58763e+06,5.91982e+06
10,4,1,4.84098e+06,4.22889e+06,3.79671e+06
10,5,1,4.1888e+06,3.66998e+06,3.28545e+06
10,6,1,5.20095e+06,4.35525e+06,3.8392e+06
10,8,1,6.00042e+06,5.1431e+06,4.40127e+06
10,10,1,9.93364e+06,8.75007e+06,7.92618e+06
10,1,1,1.19728e+07,1.15021e+07,1.05102e+07
10,2,1,8.3297e+06,7.64907e+06,6.87357e+06
10,4,1,4.22929e+06,3.63383e+06,3.20662e+06
10,5,1,3.66029e+06,3.16662e+06,2.8252e+06
10,6,1,3.97154e+06,3.36382e+06,3.01878e+06
10,8,1,4.61478e+06,3.80342e+06,3.32001e+06
10,10,1,7.12705e+06,6.10888e+06,5.56372e+06
10,1,1,9.10805e+06,8.72493e+06,7.90892e+06
10,2,1,6.87109e+06,6.21715e+06,5.62297e+06
10,4,1,4.3843e+06,3.82495e+06,3.38048e+06
10,5,1,3.97794e+06,3.40968e+06,3.0651e+06
10,6,1,3.54181e+06,3.00841e+06,2.65457e+06
10,8,1,4.71037e+06,3.9921e+06,3.52242e+06
10,10,1,6.95015e+06,5.9261e+06,5.22916e+06
10,1,1,9.07502e+06,8.72537e+06,7.92336e+06
10,2,1,7.07678e+06,6.40908e+06,5.74989e+06
10,4,1,3.93082e+06,3.50635e+06,3.0952e+06
10,5,1,3.94669e+06,3.4316e+06,3.08665e+06
10,6,1,4.81686e+06,4.19121e+06,3.83162e+06
10,8,1,4.62149e+06,3.78496e+06,3.34678e+06
10,10,1,7.24944e+06,6.31455e+06,5.75298e+06
10,1,1,9.01908e+06,8.65736e+06,7.79704e+06
10,2,1,6.97012e+06,6.30456e+06,5.66347e+06
10,4,1,4.38676e+06,3.71452e+06,3.25792e+06
10,5,1,4.1446e+06,3.55108e+06,3.18022e+06
10,6,1,3.50629e+06,2.97112e+06,2.62223e+06
10,8,1,5.55647e+06,4.49348e+06,4.0475e+06
10,10,1,9.37587e+06,8.22874e+06,7.56681e+06
10,1,1,1.27254e+07,1.22072e+07,1.10895e+07
10,2,1,7.32963e+06,6.84287e+06,6.10512e+06
10,4,1,5.58465e+06,5.04273e+06,4.43962e+06
10,5,1,4.96045e+06,4.19838e+06,3.71221e+06
10,6,1,3.86572e+06,3.27355e+06,2.91436e+06
10,8,1,5.11208e+06,4.42156e+06,3.91545e+06
10,10,1,8.09906e+06,6.92617e+06,6.26367e+06
10,1,1,1.0379e+07,9.96218e+06,9.02395e+06
10,1,1,9.81183e+06,9.42387e+06,8.57349e+06
10,2,1,6.23406e+06,5.75696e+06,5.02237e+06
10,4,1,4.33984e+06,3.79942e+06,3.29067e+06
10,5,1,4.54565e+06,3.85764e+06,3.45031e+06
10,6,1,3.55326e+06,3.05973e+06,2.68816e+06
10,7,1,4.35044e+06,3.76995e+06,3.33963e+06
10,8,1,5.03472e+06,4.07926e+06,3.61222e+06
10,10,1,7.7259e+06,6.62284e+06,6.0122e+06
10,16,1,8.58204e+06,7.50576e+06,6.73056e+06
10,32,1,1.11066e+07,1.02771e+07,9.37674e+06
10,64,1,1.60825e+07,1.51821e+07,1.39075e+07
10,1,1,9.56704e+06,9.20508e+06,8.37277e+06
10,2,1,5.97295e+06,5.57961e+06,4.97584e+06
10,4,1,5.18499e+06,4.42803e+06,3.94169e+06
10,5,1,4.21416e+06,3.65093e+06,3.23531e+06
10,6,1,4.1783e+06,3.44614e+06,3.08049e+06
10,7,1,4.80499e+06,4.18838e+06,3.7475e+06
10,8,1,4.9849e+06,3.75831e+06,3.29577e+06
10,10,1,7.42822e+06,6.44352e+06,5.84847e+06
10,16,1,9.05432e+06,8.10271e+06,7.30698e+06
10,32,1,1.11751e+07,1.02375e+07,9.29244e+06
10,64,1,1.61307e+07,1.52498e+07,1.38717e+07
10,1,1,9.55029e+06,9.17097e+06,8.31907e+06
10,2,1,5.65415e+06,5.27479e+06,4.73053e+06
10,4,1,5.05103e+06,4.30535e+06,3.83194e+06
10,5,1,4.64711e+06,3.98065e+06,3.60038e+06
10,6,1,4.28998e+06,3.4025e+06,3.01087e+06
10,7,1,3.98005e+06,3.33538e+06,2.91725e+06
10,8,1,4.42511e+06,3.80482e+06,3.35265e+06
10,10,1,7.44458e+06,6.42761e+06,5.78052e+06
10,1,1,9.29223e+06,8.92907e+06,8.0821e+06
10,2,1,6.59095e+06,6.02115e+06,5.4009e+06
10,4,1,4.82601e+06,4.07093e+06,3.50494e+06
10,5,1,4.40389e+06,3.64364e+06,3.256e+06
10,6,1,3.92837e+06,3.3378e+06,2.94216e+06
10,7,1,4.19222e+06,3.24518e+06,2.81987e+06
10,8,1,4.62332e+06,3.91755e+06,3.47098e+06
10,10,1,7.43268e+06,6.46047e+06,5.76714e+06
10,16,1,8.51733e+06,7.59696e+06,6.85669e+06
10,32,1,1.27362e+07,1.14238e+07,1.05151e+07
10,64,1,1.68998e+07,1.60536e+07,1.44932e+07
10,1,1,9.3752e+06,9.00467e+06,8.142e+06
10,2,1,6.14684e+06,5.7148e+06,5.07007e+06
10,4,1,4.69401e+06,4.11801e+06,3.60138e+06
10,5,1,4.53041e+06,3.92384e+06,3.4854e+06
10,6,1,5.41127e+06,4.77348e+06,4.33599e+06
10,7,1,5.01847e+06,4.35963e+06,3.93818e+06
10,8,1,5.52667e+06,4.60033e+06,4.00314e+06
10,10,1,9.96874e+06,8.49077e+06,7.71442e+06
10,16,1,1.24137e+07,1.10443e+07,9.81056e+06
10,32,1,1.54435e+07,1.43267e+07,1.30424e+07
10,64,1,1.68412e+07,1.55637e+07,1.37373e+07
10,1,1,9.31368e+06,8.94587e+06,8.07924e+06
10,2,1,5.55948e+06,5.2029e+06,4.68206e+06
10,4,1,5.04718e+06,4.39998e+06,3.88874e+06
10,5,1,4.29996e+06,3.55053e+06,3.11797e+06
10,6,1,4.45178e+06,3.88163e+06,3.50406e+06
10,7,1,4.70825e+06,4.02477e+06,3.65462e+06
10,8,1,4.91742e+06,4.02612e+06,3.53487e+06
10,10,1,7.56086e+06,6.61935e+06,5.92325e+06
10,16,1,9.36817e+06,8.40346e+06,7.61343e+06
10,32,1,1.08763e+07,9.96023e+06,9.05934e+06
10,64,1,1.65757e+07,1.54177e+07,1.4113e+07
10,1,1,9.95295e+06,9.59089e+06,8.66047e+06
10,2,1,6.48606e+06,5.83646e+06,5.17163e+06
10,4,1,4.31722e+06,3.79419e+06,3.29444e+06
10,5,1,4.2294e+06,3.57257e+06,3.17742e+06
10,6,1,3.83543e+06,3.21126e+06,2.82337e+06
10,7,1,4.25971e+06,3.53083e+06,3.04479e+06
10,8,1,4.74616e+06,4.03737e+06,3.48156e+06
10,10,1,7.60293e+06,6.52847e+06,5.92966e+06
10,16,1,8.49242e+06,7.41081e+06,6.6856e+06
10,32,1,1.10088e+07,9.99575e+06,9.13439e+06
10,64,1,1.58765e+07,1.50476e+07,1.36386e+07
10,1,1,9.46515e+06,9.10676e+06,8.28293e+06
10,2,1,5.84088e+06,5.439e+06,4.81759e+06
10,4,1,4.4721e+06,3.89022e+06,3.46629e+06
10,5,1,3.89707e+06,3.40138e+06,3.01659e+06
10,6,1,4.07655e+06,3.43057e+06,3.05933e+06
10,7,1,4.34944e+06,3.47051e+06,3.03267e+06
10,8,1,4.80736e+06,4.10099e+06,3.62341e+06
10,10,1,7.38879e+06,6.41288e+06,5.82749e+06
10,16,1,8.34965e+06,7.42397e+06,6.70758e+06
10,32,1,1.12366e+07,1.02624e+07,9.43008e+06
10,64,1,1.76793e+07,1.66084e+07,1.5205e+07
10,1,1,9.59135e+06,9.19485e+06,8.36039e+06
10,2,1,6.33991e+06,5.89155e+06,5.13959e+06
10,4,1,5.21933e+06,4.16831e+06,3.68517e+06
10,5,1,4.439e+06,3.54972e+06,3.1608e+06
10,6,1,3.84683e+06,3.25071e+06,2.8854e+06
10,7,1,4.8897e+06,4.08763e+06,3.67365e+06
10,8,1,4.78376e+06,3.99618e+06,3.50648e+06
10,10,1,7.58977e+06,6.48e+06,5.88388e+06
10,16,1,8.28237e+06,7.41716e+06,6.58198e+06
10,32,1,1.18843e+07,1.0803e+07,9.8861e+06
10,64,1,1.67026e+07,1.59388e+07,1.46062e+07
10,1,1,9.81934e+06,9.42941e+06,8.57716e+06
10,2,1,6.62676e+06,5.89327e+06,5.23935e+06
10,4,1,4.23803e+06,3.71999e+06,3.29242e+06
10,5,1,4.91804e+06,3.89223e+06,3.47304e+06
10,6,1,4.02795e+06,3.36432e+06,2.99569e+06
10,7,1,3.84376e+06,3.18424e+06,2.748e+06
10,8,1,5.41781e+06,4.25123e+06,3.72553e+06
10,10,1,8.31914e+06,6.88735e+06,6.31368e+06
10,16,1,9.68943e+06,8.27707e+06,7.56976e+06
10,32,1,1.11097e+07,1.01192e+07,9.23311e+06
10,64,1,1.74323e+07,1.6131e+07,1.48727e+07
10,1,1,9.58833e+06,9.20606e+06,8.36967e+06
10,2,1,7.4322e+06,6.6118e+06,5.96008e+06
10,4,1,5.24353e+06,4.57295e+06,4.04295e+06
10,5,1,4.01094e+06,3.49072e+06,3.00559e+06
10,6,1,3.81316e+06,3.24587e+06,2.841e+06
10,7,1,3.93693e+06,3.25286e+06,2.87423e+06
10,8,1,4.7989e+06,4.00793e+06,3.55911e+06
10,10,1,7.653e+06,6.67152e+06,6.07813e+06
10,16,1,8.51924e+06,7.50356e+06,6.77103e+06
10,32,1,1.11144e+07,1.02401e+07,9.3789e+06
10,64,1,1.57487e+07,1.50096e+07,1.3733e+07
10,1,1,9.53925e+06,9.17024e+06,8.3286e+06
10,2,1,7.00213e+06,6.29548e+06,5.67743e+06
10,4,1,4.19461e+06,3.70584e+06,3.26509e+06
10,5,1,3.98975e+06,3.42728e+06,3.06168e+06
10,6,1,4.1176e+06,3.29519e+06,2.93139e+06
10,7,1,3.54682e+06,3.00512e+06,2.60026e+06
10,8,1,5.10964e+06,4.18496e+06,3.70241e+06
10,10,1,7.57004e+06,6.38037e+06,5.70648e+06
10,16,1,8.20554e+06,7.33881e+06,6.57623e+06
10,32,1,1.10066e+07,1.00892e+07,9.17199e+06
10,64,1,1.67654e+07,1.60216e+07,1.46472e+07
10,1,1,9.9166e+06,9.52367e+06,8.68644e+06
10,2,1,6.2357e+06,5.76781e+06,5.14665e+06
10,4,1,5.07709e+06,4.23422e+06,3.73257e+06
10,5,1,3.88154e+06,3.33199e+06,2.9537e+06
10,6,1,4.09616e+06,3.34545e+06,2.94567e+06
10,7,1,4.13239e+06,3.31489e+06,2.94788e+06
10,8,1,4.67323e+06,3.90273e+06,3.44826e+06
10,10,1,7.55084e+06,6.46454e+06,5.89354e+06
10,16,1,9.37615e+06,7.83592e+06,7.12074e+06
10,32,1,1.15659e+07,1.03222e+07,9.4186e+06
10,64,1,1.70979e+07,1.61358e+07,1.47783e+07
10,1,1,9.52612e+06,9.14755e+06,8.20238e+06
10,2,1,7.09562e+06,6.47902e+06,5.84883e+06
10,4,1,4.25471e+06,3.74825e+06,3.30148e+06
10,5,1,4.06642e+06,3.44413e+06,2.98489e+06
10,6,1,4.57686e+06,3.90366e+06,3.50978e+06
10,7,1,4.96375e+06,4.07638e+06,3.56006e+06
10,8,1,5.67671e+06,4.86646e+06,4.31413e+06
10,10,1,8.44152e+06,7.38843e+06,6.71102e+06
10,16,1,9.63839e+06,8.67517e+06,7.89461e+06
10,32,1,1.31762e+07,1.20024e+07,1.10245e+07
10,64,1,1.95838e+07,1.81442e+07,1.65932e+07
10,1,1,1.15833e+07,1.11061e+07,1.00939e+07
10,2,1,8.21275e+06,7.49909e+06,6.7589e+06
10,4,1,5.37616e+06,4.56967e+06,3.96525e+06
10,5,1,5.03402e+06,4.32144e+06,3.9107e+06
10,6,1,4.29969e+06,3.62358e+06,3.20338e+06
10,7,1,4.82455e+06,3.71476e+06,3.2713e+06
10,8,1,5.91327e+06,4.84972e+06,4.298e+06
10,10,1,8.91327e+06,7.82542e+06,7.19328e+06
10,16,1,1.03576e+07,9.25117e+06,8.20287e+06
10,32,1,1.32922e+07,1.22214e+07,1.11289e+07
10,64,1,2.02045e+07,1.89997e+07,1.74098e+07
10,1,1,1.24019e+07,1.18242e+07,1.06818e+07
10,2,1,7.73772e+06,7.24461e+06,6.54267e+06
10,4,1,6.01337e+06,5.23876e+06,4.53204e+06
10,5,1,5.77655e+06,4.9554e+06,4.39671e+06
10,6,1,6.2809e+06,4.68569e+06,4.15361e+06
10,7,1,5.37036e+06,4.20761e+06,3.81771e+06
10,8,1,6.00324e+06,5.04718e+06,4.46427e+06
10,10,1,1.05356e+07,9.29078e+06,8.52882e+06
10,16,1,1.00905e+07,9.0202e+06,8.22365e+06
10,32,1,1.33837e+07,1.22267e+07,1.11746e+07
10,64,1,1.83324e+07,1.73188e+07,1.56589e+07
10,1,1,9.25268e+06,8.89251e+06,7.97812e+06
10,2,1,6.97087e+06,6.40359e+06,5.71893e+06
10,4,1,4.90646e+06,4.04978e+06,3.56463e+06
10,5,1,4.22084e+06,3.62108e+06,3.19635e+06
10,6,1,5.3805e+06,4.49323e+06,3.9853e+06
10,7,1,5.92769e+06,5.20714e+06,4.79554e+06
10,8,1,6.12795e+06,5.3909e+06,4.16715e+06
10,10,1,7.30809e+06,6.38099e+06,5.80946e+06
10,16,1,8.12992e+06,7.20202e+06,6.51506e+06
10,32,1,1.11587e+07,9.95409e+06,9.00418e+06
10,64,1,1.59529e+07,1.49473e+07,1.36284e+07
10,1,1,9.64064e+06,9.23755e+06,8.26953e+06
10,2,1,6.20849e+06,5.75242e+06,5.13275e+06
10,4,1,4.69116e+06,4.07895e+06,3.65e+06
10,5,1,4.48634e+06,3.82688e+06,3.46852e+06
10,6,1,3.64546e+06,3.10069e+06,2.75092e+06
10,7,1,4.95752e+06,4.02219e+06,3.65335e+06
10,8,1,4.38857e+06,3.7968e+06,3.29523e+06
10,10,1,7.15302e+06,6.22682e+06,5.65601e+06
10,16,1,8.52747e+06,7.44539e+06,6.72719e+06
10,32,1,1.18201e+07,1.07064e+07,9.81851e+06
10,64,1,1.65329e+07,1.54298e+07,1.38568e+07
10,1,1,9.76511e+06,9.38721e+06,8.42199e+06
10,2,1,7.22385e+06,6.68224e+06,5.95954e+06
10,4,1,4.49916e+06,3.9372e+06,3.45017e+06
10,5,1,5.02362e+06,4.29045e+06,3.90229e+06
10,6,1,4.98477e+06,4.03039e+06,3.53214e+06
10,7,1,4.11845e+06,3.18063e+06,2.71943e+06
10,8,1,4.97861e+06,4.0941e+06,3.58954e+06
10,10,1,7.5479e+06,6.60237e+06,6.00945e+06
10,16,1,8.69222e+06,7.61763e+06,6.78636e+06
10,32,1,1.15131e+07,1.05168e+07,9.53639e+06
10,64,1,1.62027e+07,1.52725e+07,1.39095e+07
10,1,1,9.89313e+06,9.47936e+06,8.6229e+06
10,2,1,7.19978e+06,6.54328e+06,5.84872e+06
10,4,1,4.87389e+06,4.08644e+06,3.6159e+06
10,5,1,3.79731e+06,3.26023e+06,2.88189e+06
10,6,1,4.35047e+06,3.69607e+06,3.31218e+06
10,7,1,4.09749e+06,3.20141e+06,2.8397e+06
10,8,1,4.92246e+06,3.94283e+06,3.50545e+06
10,10,1,7.52175e+06,6.39221e+06,5.80224e+06
10,16,1,8.10543e+06,7.24375e+06,6.54107e+06
10,32,1,1.08527e+07,9.84453e+06,8.9835e+06
10,64,1,1.58793e+07,1.49438e+07,1.35912e+07
10,1,1,9.36092e+06,8.98272e+06,8.15889e+06
10,2,1,6.72919e+06,6.07117e+06,5.47515e+06
10,4,1,4.46463e+06,3.88974e+06,3.3874e+06
10,5,1,4.42035e+06,3.64827e+06,3.27948e+06
10,6,1,3.63566e+06,3.04563e+06,2.66741e+06
10,7,1,3.98321e+06,3.21861e+06,2.87168e+06
10,8,1,4.57261e+06,3.84226e+06,3.40058e+06
10,10,1,7.43292e+06,6.42856e+06,5.81369e+06
10,16,1,8.49283e+06,7.4234e+06,6.72555e+06
10,32,1,1.11271e+07,1.01779e+07,9.26261e+06
10,64,1,1.54937e+07,1.46353e+07,1.33589e+07
10,1,1,9.65143e+06,9.26904e+06,8.44761e+06
10,2,1,6.77629e+06,6.21689e+06,5.59862e+06
10,4,1,5.09136e+06,4.3653e+06,3.89971e+06
10,5,1,4.22474e+06,3.55281e+06,3.18759e+06
10,6,1,4.65602e+06,3.80924e+06,3.42339e+06
10,7,1,4.46661e+06,3.84477e+06,3.38302e+06
10,8,1,5.07307e+06,4.18734e+06,3.7173e+06
10,10,1,7.54606e+06,6.42057e+06,5.84546e+06
10,16,1,8.33246e+06,7.45136e+06,6.7531e+06
10,32,1,1.10633e+07,9.82451e+06,8.8586e+06
10,64,1,1.61636e+07,1.52366e+07,1.387e+07
10,1,1,9.4742e+06,9.08084e+06,8.1917e+06
10,2,1,9.75544e+06,9.38274e+06,8.53741e+06
10,4,1,4.75311e+06,4.13087e+06,3.69802e+06
10,5,1,4.05214e+06,3.51182e+06,3.13972e+06
10,6,1,3.83846e+06,3.23765e+06,2.88972e+06
10,7,1,3.86608e+06,3.38422e+06,2.92231e+06
10,8,1,4.85666e+06,3.80667e+06,3.36655e+06
10,10,1,7.28188e+06,6.39868e+06,5.7581e+06
10,16,1,8.60351e+06,7.57353e+06,6.79245e+06
10,32,1,1.0909e+07,9.82217e+06,8.95449e+06
10,64,1,1.5941e+07,1.47128e+07,1.34702e+07
10,1,1,9.30252e+06,8.92989e+06,8.10416e+06
10,2,1,6.54072e+06,6.0264e+06,5.39853e+06
10,4,1,4.47132e+06,3.89499e+06,3.42013e+06
10,5,1,4.09759e+06,3.53689e+06,3.17822e+06
10,6,1,3.80903e+06,3.2082e+06,2.85155e+06
10,7,1,3.76003e+06,2.97153e+06,2.57761e+06
10,8,1,5.09186e+06,3.93609e+06,3.48129e+06
10,10,1,7.39089e+06,6.30685e+06,5.72278e+06
10,16,1,8.25022e+06,7.32863e+06,6.58191e+06
10,32,1,1.10696e+07,9.88082e+06,8.9866e+06
10,64,1,1.63614e+07,1.54855e+07,1.41888e+07
10,1,1,9.54104e+06,9.17309e+06,8.34019e+06
10,2,1,5.76421e+06,5.36536e+06,4.83708e+06
10,4,1,5.36806e+06,4.58913e+06,4.10207e+06
10,5,1,4.29907e+06,3.7029e+06,3.28657e+06
10,6,1,4.05936e+06,3.42551e+06,2.97732e+06
10,7,1,4.44791e+06,3.37516e+06,2.99802e+06
10,8,1,5.1237e+06,3.93336e+06,3.50549e+06
10,10,1,7.75312e+06,6.74661e+06,6.09521e+06
10,16,1,8.52408e+06,7.50062e+06,6.66424e+06
10,32,1,1.10704e+07,1.01032e+07,9.11942e+06
10,64,1,1.64352e+07,1.56732e+07,1.43411e+07
10,1,1,9.69669e+06,9.32387e+06,8.48835e+06
10,2,1,5.9324e+06,5.54977e+06,4.98306e+06
10,4,1,4.91404e+06,4.2485e+06,3.69292e+06
10,5,1,4.46012e+06,3.759e+06,3.36446e+06
10,6,1,4.31784e+06,3.41378e+06,3.05171e+06
10,7,1,3.79214e+06,3.17592e+06,2.81368e+06
10,8,1,5.16169e+06,4.0019e+06,3.55304e+06
10,10,1,7.56344e+06,6.3677e+06,5.77712e+06
10,16,1,8.45672e+06,7.3808e+06,6.60777e+06
10,32,1,1.13605e+07,1.00492e+07,9.15985e+06
10,64,1,1.56024e+07,1.47507e+07,1.35852e+07
10,1,1,9.32442e+06,8.93989e+06,8.0998e+06
10,2,1,6.34907e+06,5.83395e+06,5.22349e+06
10,4,1,4.97738e+06,4.28125e+06,3.81284e+06
10,5,1,4.24664e+06,3.63874e+06,3.19225e+06
10,6,1,3.84529e+06,3.23775e+06,2.87257e+06
10,7,1,4.85891e+06,3.85317e+06,3.39737e+06
10,8,1,4.84336e+06,4.04393e+06,3.60506e+06
10,10,1,7.35116e+06,6.35801e+06,5.78114e+06
10,16,1,8.4797e+06,7.5267e+06,6.72631e+06
10,32,1,1.06711e+07,9.81722e+06,8.94355e+06
10,64,1,1.58826e+07,1.50281e+07,1.37255e+07
10,1,1,9.61783e+06,9.2479e+06,8.32315e+06
10,2,1,6.45693e+06,5.94646e+06,5.30096e+06
10,4,1,4.40459e+06,3.86278e+06,3.40602e+06
10,5,1,4.39576e+06,3.73198e+06,3.36357e+06
10,6,1,3.72026e+06,2.96583e+06,2.58756e+06
10,7,1,4.63303e+06,3.87415e+06,3.44354e+06
10,8,1,4.43024e+06,3.85874e+06,3.39764e+06
10,10,1,7.60268e+06,6.50468e+06,5.88362e+06
10,16,1,8.68453e+06,7.61104e+06,6.85843e+06
10,32,1,1.10525e+07,1.01787e+07,9.22122e+06
10,64,1,1.58924e+07,1.49477e+07,1.36864e+07
10,1,1,9.41887e+06,9.05133e+06,8.185e+06
10,2,1,6.98643e+06,6.30529e+06,5.66152e+06
10,4,1,5.06936e+06,4.3415e+06,3.78592e+06
10,5,1,3.6666e+06,3.19089e+06,2.84707e+06
10,6,1,3.48625e+06,2.94446e+06,2.61029e+06
10,7,1,3.90812e+06,3.22934e+06,2.76576e+06
10,8,1,4.72116e+06,3.79284e+06,3.34783e+06
10,10,1,7.44495e+06,6.34226e+06,5.74222e+06
10,16,1,8.29126e+06,7.351e+06,6.55974e+06
10,32,1,1.08251e+07,9.95867e+06,9.07028e+06
10,64,1,1.60628e+07,1.51242e+07,1.38708e+07
10,1,1,9.28202e+06,8.90017e+06,8.05877e+06
10,2,1,6.93662e+06,6.29615e+06,5.67842e+06
10,4,1,4.24235e+06,3.77014e+06,3.29988e+06
10,5,1,4.29009e+06,3.66425e+06,3.29027e+06
10,6,1,3.66856e+06,3.09698e+06,2.70225e+06
10,7,1,3.70794e+06,3.14894e+06,2.70301e+06
10,8,1,4.6365e+06,3.94697e+06,3.49331e+06
10,10,1,7.44423e+06,6.3407e+06,5.67471e+06
10,16,1,8.39222e+06,7.40366e+06,6.64601e+06
10,32,1,1.09772e+07,1.00718e+07,9.19705e+06
10,64,1,1.61661e+07,1.4779e+07,1.34724e+07
10,1,1,9.47769e+06,9.09662e+06,8.18721e+06
10,2,1,5.69224e+06,5.29938e+06,4.71841e+06
10,4,1,5.05456e+06,4.39277e+06,3.90759e+06
10,5,1,4.58462e+06,3.86577e+06,3.45771e+06
10,6,1,3.99841e+06,3.3293e+06,2.96678e+06
10,7,1,3.87055e+06,3.12604e+06,2.76131e+06
10,8,1,5.26549e+06,4.08934e+06,3.60393e+06
10,10,1,7.36524e+06,6.15972e+06,5.5979e+06
10,16,1,8.35878e+06,7.14726e+06,6.4555e+06
10,32,1,1.09522e+07,1.00326e+07,9.20351e+06
10,64,1,1.5437e+07,1.46215e+07,1.33628e+07
10,1,1,9.71981e+06,9.33233e+06,8.42468e+06
10,2,1,5.63277e+06,5.24046e+06,4.67774e+06
10,4,1,4.80951e+06,4.13006e+06,3.64704e+06
10,5,1,4.26124e+06,3.5955e+06,3.22139e+06
10,6,1,3.81376e+06,3.20818e+06,2.84484e+06
10,7,1,4.56738e+06,3.81027e+06,3.35285e+06
10,8,1,4.76621e+06,3.98725e+06,3.51304e+06
10,10,1,7.40329e+06,6.38091e+06,5.79714e+06
10,16,1,8.2493e+06,7.31557e+06,6.53831e+06
10,32,1,1.13105e+07,1.01695e+07,9.2885e+06
10,64,1,1.57321e+07,1.46687e+07,1.33295e+07
10,1,1,9.41444e+06,9.02008e+06,8.19591e+06
10,2,1,6.96494e+06,6.31684e+06,5.70285e+06
10,4,1,5.05928e+06,4.40315e+06,3.78476e+06
10,5,1,4.52171e+06,3.81277e+06,3.39746e+06
10,6,1,3.4982e+06,2.95471e+06,2.56608e+06
10,7,1,4.06723e+06,3.09558e+06,2.65986e+06
10,8,1,4.79738e+06,4.04823e+06,3.50136e+06
10,10,1,7.41467e+06,6.47282e+06,5.87894e+06
10,16,1,8.34505e+06,7.47681e+06,6.68762e+06
10,32,1,1.08938e+07,9.74032e+06,8.8916e+06
10,64,1,1.60612e+07,1.5197e+07,1.3879e+07
10,1,1,9.24112e+06,8.8579e+06,8.04075e+06
10,2,1,5.5648e+06,5.18938e+06,4.66702e+06
10,4,1,5.00572e+06,4.27645e+06,3.8152e+06
10,5,1,4.22114e+06,3.57768e+06,3.20479e+06
10,6,1,4.14183e+06,3.36899e+06,2.96584e+06
10,7,1,3.7068e+06,3.08119e+06,2.6378e+06
10,8,1,4.76067e+06,4.07337e+06,3.60108e+06
10,10,1,7.44855e+06,6.46145e+06,5.76027e+06
10,16,1,8.2075e+06,7.34015e+06,6.58809e+06
10,32,1,1.08868e+07,1.00053e+07,9.12182e+06
10,64,1,1.61501e+07,1.4818e+07,1.35119e+07
10,1,1,9.3319e+06,8.9544e+06,8.12081e+06
10,2,1,6.95251e+06,6.37799e+06,5.66715e+06
10,4,1,4.6808e+06,4.09389e+06,3.62424e+06
10,5,1,4.35898e+06,3.57598e+06,3.21125e+06
10,6,1,3.74156e+06,3.11905e+06,2.75309e+06
10,7,1,3.69515e+06,3.11237e+06,2.75317e+06
10,8,1,4.48174e+06,3.73117e+06,3.25321e+06
10,10,1,7.34487e+06,6.31953e+06,5.66706e+06
10,16,1,8.6575e+06,7.68033e+06,6.8697e+06
10,32,1,1.08164e+07,9.76258e+06,8.92895e+06
10,64,1,1.58632e+07,1.50947e+07,1.38333e+07
10,1,1,9.22085e+06,8.84283e+06,8.01545e+06
10,2,1,7.09082e+06,6.43099e+06,5.79839e+06
10,4,1,4.77364e+06,4.12893e+06,3.6613e+06
10,5,1,4.89503e+06,4.25478e+06,3.88982e+06
10,6,1,3.69403e+06,3.07872e+06,2.69115e+06
10,7,1,4.25157e+06,3.72802e+06,3.26614e+06
10,8,1,4.9665e+06,4.17443e+06,3.70774e+06
10,10,1,7.1534e+06,6.29007e+06,5.73007e+06
10,16,1,8.36775e+06,7.29138e+06,6.59969e+06
10,32,1,1.10594e+07,1.00976e+07,9.1323e+06
10,64,1,1.61859e+07,1.53784e+07,1.40625e+07
10,1,1,9.60009e+06,9.13707e+06,8.28742e+06
10,2,1,6.4099e+06,5.89494e+06,5.28193e+06
10,4,1,4.52804e+06,3.94332e+06,3.45458e+06
10,5,1,3.93891e+06,3.39701e+06,3.03157e+06
10,6,1,4.01718e+06,3.29516e+06,2.88735e+06
10,7,1,4.5804e+06,3.5865e+06,3.07492e+06
10,8,1,4.76725e+06,3.87491e+06,3.35811e+06
10,10,1,7.63548e+06,6.44111e+06,5.82132e+06
10,16,1,8.39286e+06,7.3923e+06,6.67368e+06
10,32,1,1.07935e+07,9.83803e+06,8.97551e+06
10,64,1,1.61217e+07,1.53597e+07,1.4113e+07
10,1,1,9.19748e+06,8.83942e+06,8.00946e+06
10,2,1,5.56305e+06,5.1986e+06,4.65162e+06
10,4,1,4.93216e+06,4.27875e+06,3.80886e+06
10,5,1,3.83905e+06,3.30176e+06,2.93772e+06
10,6,1,4.40654e+06,3.64692e+06,3.18712e+06
10,7,1,4.65203e+06,4.03485e+06,3.57249e+06
10,8,1,4.88133e+06,4.01955e+06,3.52714e+06
10,10,1,7.44588e+06,6.34111e+06,5.65859e+06
10,16,1,8.41005e+06,7.44187e+06,6.7396e+06
10,32,1,1.10643e+07,9.8552e+06,8.94334e+06
10,64,1,1.5921e+07,1.4869e+07,1.35144e+07
10,1,1,9.30362e+06,8.92284e+06,8.0903e+06
10,2,1,5.43266e+06,5.05444e+06,4.52513e+06
10,4,1,3.97752e+06,3.48482e+06,3.04832e+06
10,5,1,3.79151e+06,3.26614e+06,2.91569e+06
10,6,1,3.71548e+06,3.0421e+06,2.67312e+06
10,7,1,4.49303e+06,3.67364e+06,3.17622e+06
10,8,1,4.75978e+06,3.96386e+06,3.44341e+06
10,10,1,7.24545e+06,6.35198e+06,5.74712e+06
10,16,1,8.36974e+06,7.30861e+06,6.53727e+06
10,32,1,1.10342e+07,9.73192e+06,8.86264e+06
10,64,1,1.58382e+07,1.49112e+07,1.36634e+07
10,1,1,9.35882e+06,8.98111e+06,8.07324e+06
10,2,1,6.39789e+06,5.93604e+06,5.21494e+06
10,4,1,5.06974e+06,4.33468e+06,3.87274e+06
10,5,1,4.47682e+06,3.59383e+06,3.22246e+06
10,6,1,3.69271e+06,3.09355e+06,2.72744e+06
10,7,1,3.65552e+06,3.07152e+06,2.70916e+06
10,8,1,4.75565e+06,4.08337e+06,3.61591e+06
10,10,1,7.53653e+06,6.54084e+06,5.98097e+06
10,16,1,8.41086e+06,7.40056e+06,6.64676e+06
10,32,1,1.12083e+07,1.00229e+07,9.17539e+06
10,64,1,1.57289e+07,1.46452e+07,1.33258e+07
10,1,1,9.2806e+06,8.91554e+06,8.08748e+06
10,2,1,6.00417e+06,5.52611e+06,4.91424e+06
10,4,1,4.60196e+06,3.92951e+06,3.49223e+06
10,5,1,4.23341e+06,3.53402e+06,3.14605e+06
10,6,1,3.67774e+06,3.10397e+06,2.74103e+06
10,7,1,3.703e+06,3.10962e+06,2.69405e+06
10,8,1,5.00453e+06,3.98459e+06,3.51269e+06
10,10,1,7.34008e+06,6.27439e+06,5.71381e+06
10,16,1,8.56892e+06,7.447e+06,6.75369e+06
10,32,1,1.10796e+07,9.89948e+06,9.04475e+06
10,64,1,1.62881e+07,1.53704e+07,1.39183e+07
10,1,1,9.37739e+06,9.00068e+06,8.17215e+06
10,2,1,6.97502e+06,6.26684e+06,5.62646e+06
10,4,1,3.9775e+06,3.41689e+06,2.98615e+06
10,5,1,4.15499e+06,3.52067e+06,3.06048e+06
10,6,1,3.6431e+06,3.10777e+06,2.73289e+06
10,7,1,3.70218e+06,3.09944e+06,2.75408e+06
10,8,1,4.76631e+06,3.94134e+06,3.49431e+06
10,10,1,7.4123e+06,6.39355e+06,5.80213e+06
10,16,1,8.73769e+06,7.65045e+06,6.95251e+06
10,32,1,1.14144e+07,1.0283e+07,9.3355e+06
10,64,1,1.60435e+07,1.49042e+07,1.36322e+07
10,1,1,9.47491e+06,9.0843e+06,8.21982e+06
10,2,1,6.73632e+06,6.16491e+06,5.55084e+06
10,4,1,5.0475e+06,4.36248e+06,3.88497e+06
10,5,1,4.36428e+06,3.69953e+06,3.33901e+06
10,6,1,3.64137e+06,3.1389e+06,2.79477e+06
10,7,1,3.40783e+06,2.91269e+06,2.49603e+06
10,8,1,4.78627e+06,4.0101e+06,3.52821e+06
10,10,1,7.61301e+06,6.50423e+06,5.88266e+06
10,16,1,8.48879e+06,7.39205e+06,6.67472e+06
10,32,1,1.1156e+07,1.01817e+07,9.33278e+06
10,64,1,1.59913e+07,1.49175e+07,1.35987e+07
10,1,1,9.35925e+06,8.98443e+06,8.15982e+06
10,2,1,5.46019e+06,5.09456e+06,4.57768e+06
10,4,1,4.66076e+06,4.06747e+06,3.53834e+06
10,5,1,4.39846e+06,3.77201e+06,3.39028e+06
10,6,1,3.73647e+06,3.11656e+06,2.74414e+06
10,7,1,3.98749e+06,3.28055e+06,2.86675e+06
10,8,1,4.75028e+06,3.99289e+06,3.47873e+06
10,10,1,7.50131e+06,6.38562e+06,5.81655e+06
10,16,1,8.18848e+06,7.25941e+06,6.45415e+06
10,32,1,1.09448e+07,9.80132e+06,8.87971e+06
10,64,1,1.57014e+07,1.47692e+07,1.34867e+07
10,1,1,9.69593e+06,9.30252e+06,8.45452e+06
10,2,1,5.48076e+06,5.10178e+06,4.54088e+06
10,4,1,4.49351e+06,3.93713e+06,3.46761e+06
10,5,1,3.91028e+06,3.20238e+06,2.82069e+06
10,6,1,3.96891e+06,3.36542e+06,3.00343e+06
10,7,1,4.01734e+06,3.44139e+06,2.94933e+06
10,8,1,4.94854e+06,3.8501e+06,3.39066e+06
10,10,1,7.26729e+06,6.30401e+06,5.6671e+06
10,16,1,8.63887e+06,7.51242e+06,6.70353e+06
10,32,1,1.11017e+07,1.0134e+07,9.20735e+06
10,64,1,1.60589e+07,1.5065e+07,1.37664e+07
10,1,1,1.01765e+07,9.79166e+06,8.8695e+06
10,2,1,5.63959e+06,5.24727e+06,4.68731e+06
10,4,1,4.599e+06,3.91358e+06,3.44402e+06
10,5,1,4.1223e+06,3.51315e+06,3.14962e+06
10,6,1,5.39673e+06,4.52556e+06,4.1417e+06
10,7,1,4.70011e+06,4.06633e+06,3.55878e+06
10,8,1,4.83763e+06,3.94153e+06,3.40692e+06
10,10,1,7.49408e+06,6.24959e+06,5.6428e+06
10,16,1,8.35626e+06,7.3754e+06,6.66687e+06
10,32,1,1.12332e+07,9.88051e+06,9.00877e+06
10,64,1,1.59868e+07,1.5034e+07,1.36234e+07
10,1,1,9.20069e+06,8.8393e+06,8.01911e+06
10,2,1,5.45026e+06,5.09818e+06,4.56593e+06
10,4,1,5.29638e+06,4.5215e+06,4.0548e+06
10,5,1,4.2033e+06,3.52353e+06,3.12722e+06
10,6,1,4.4411e+06,3.54864e+06,3.17972e+06
10,7,1,4.34629e+06,3.70408e+06,3.33255e+06
10,8,1,4.58105e+06,3.83615e+06,3.38833e+06
10,10,1,7.47198e+06,6.34393e+06,5.74831e+06
10,16,1,8.55646e+06,7.60484e+06,6.87745e+06
10,32,1,1.0975e+07,9.97929e+06,9.07176e+06
10,64,1,1.566e+07,1.46812e+07,1.33541e+07
10,1,1,9.36112e+06,8.97916e+06,8.12998e+06
10,2,1,7.3151e+06,6.70089e+06,6.04855e+06
10,4,1,4.71483e+06,4.1241e+06,3.65585e+06
10,5,1,3.94222e+06,3.42248e+06,3.05652e+06
10,6,1,3.87558e+06,3.32847e+06,2.89129e+06
10,7,1,4.12446e+06,3.1976e+06,2.80759e+06
10,8,1,4.83716e+06,3.94006e+06,3.50689e+06
10,10,1,7.35767e+06,6.44708e+06,5.76754e+06
10,16,1,8.70252e+06,7.6914e+06,6.90038e+06
10,32,1,1.12207e+07,1.01862e+07,9.34824e+06
10,64,1,1.72576e+07,1.62527e+07,1.49774e+07
10,1,1,1.02808e+07,9.89336e+06,8.89517e+06
10,2,1,5.62747e+06,5.24547e+06,4.70145e+06
10,4,1,5.08234e+06,4.41189e+06,3.78977e+06
10,5,1,5.43551e+06,4.61278e+06,4.24321e+06
10,6,1,3.61535e+06,3.16098e+06,2.80741e+06
10,7,1,4.72595e+06,3.82242e+06,3.3709e+06
10,8,1,4.72527e+06,4.1196e+06,3.56775e+06
10,10,1,9.67995e+06,8.58464e+06,7.8456e+06
10,16,1,1.08508e+07,9.74858e+06,8.77742e+06
10,32,1,1.37872e+07,1.25564e+07,1.13583e+07
10,64,1,2.46786e+07,2.33334e+07,2.17274e+07
10,1,1,1.49874e+07,1.43784e+07,1.28957e+07
10,2,1,8.63416e+06,8.01116e+06,7.14203e+06
10,4,1,7.42671e+06,6.12178e+06,5.45932e+06
10,5,1,6.43725e+06,5.19398e+06,4.70431e+06
10,6,1,5.32332e+06,4.40284e+06,3.96116e+06
10,7,1,5.62708e+06,5.0054e+06,4.45657e+06
10,8,1,7.33552e+06,6.23852e+06,5.5672e+06
10,10,1,1.08673e+07,9.48829e+06,8.64357e+06
10,16,1,1.30413e+07,1.16978e+07,1.05137e+07
10,32,1,1.62005e+07,1.46563e+07,1.34003e+07
10,64,1,2.10703e+07,1.98475e+07,1.78345e+07
10,1,1,1.29904e+07,1.24496e+07,1.12278e+07
10,2,1,8.85176e+06,8.16707e+06,7.18171e+06
10,4,1,5.73211e+06,4.98742e+06,4.37916e+06
10,5,1,5.87513e+06,4.9138e+06,4.41326e+06
10,6,1,5.30355e+06,4.40424e+06,3.90303e+06
10,7,1,4.99299e+06,4.07739e+06,3.54002e+06
10,8,1,7.13398e+06,5.75753e+06,4.98077e+06
10,10,1,1.06645e+07,9.36381e+06,8.51405e+06
10,16,1,1.16264e+07,1.0352e+07,9.23285e+06
10,32,1,1.45651e+07,1.30825e+07,1.17867e+07
10,64,1,1.93898e+07,1.82191e+07,1.6576e+07
10,1,1,1.22964e+07,1.18271e+07,1.071e+07
10,2,1,7.50848e+06,6.86978e+06,6.07267e+06
10,4,1,5.71698e+06,5.13214e+06,4.57134e+06
10,5,1,4.99115e+06,4.35453e+06,3.87539e+06
10,6,1,5.54852e+06,4.68246e+06,4.25814e+06
10,7,1,4.99208e+06,3.95445e+06,3.37264e+06
10,8,1,6.13097e+06,5.16758e+06,4.54376e+06
10,10,1,1.03983e+07,9.09654e+06,8.25657e+06
10,16,1,1.09869e+07,9.76123e+06,8.72334e+06
10,32,1,1.41022e+07,1.27448e+07,1.16562e+07
10,64,1,1.93538e+07,1.82496e+07,1.67219e+07
10,1,1,1.158e+07,1.1104e+07,1.00485e+07
10,2,1,7.82213e+06,6.96083e+06,6.2599e+06
10,4,1,5.46804e+06,4.94114e+06,4.35519e+06
10,5,1,5.14029e+06,4.4929e+06,3.99248e+06
10,6,1,5.61788e+06,4.63136e+06,4.00597e+06
10,7,1,5.30225e+06,4.45402e+06,4.02858e+06
10,8,1,6.46838e+06,5.39338e+06,4.74159e+06
10,10,1,1.03165e+07,8.9798e+06,8.19883e+06
10,16,1,1.11947e+07,9.94216e+06,8.92423e+06
10,32,1,1.39828e+07,1.27198e+07,1.16147e+07
10,64,1,1.96084e+07,1.85056e+07,1.70703e+07
10,1,1,1.24149e+07,1.19159e+07,1.08842e+07
10,2,1,8.89191e+06,8.12229e+06,7.26339e+06
10,4,1,5.65792e+06,5.00227e+06,4.41175e+06
10,5,1,4.28694e+06,3.71901e+06,3.2496e+06
10,6,1,4.64244e+06,3.89585e+06,3.40916e+06
10,7,1,5.45843e+06,4.08768e+06,3.61087e+06
10,8,1,6.65216e+06,5.55514e+06,4.91258e+06
10,10,1,1.03817e+07,8.77696e+06,7.97361e+06
10,16,1,1.13813e+07,1.00668e+07,9.02508e+06
10,32,1,1.41321e+07,1.29112e+07,1.15517e+07
10,64,1,1.71355e+07,1.60156e+07,1.45682e+07
10,1,1,1.0286e+07,9.87228e+06,8.80089e+06
10,2,1,5.80563e+06,5.41162e+06,4.86113e+06
10,4,1,4.82838e+06,4.27483e+06,3.77209e+06
10,5,1,4.48595e+06,3.87744e+06,3.45619e+06
10,6,1,3.82917e+06,3.30699e+06,2.81204e+06
10,7,1,3.86611e+06,3.27028e+06,2.85079e+06
10,8,1,4.92548e+06,3.91542e+06,3.43205e+06
10,10,1,7.70277e+06,6.65255e+06,6.01238e+06
10,16,1,8.82744e+06,7.85249e+06,7.13936e+06
10,32,1,1.11291e+07,1.0215e+07,9.26763e+06
10,64,1,1.75998e+07,1.66963e+07,1.52816e+07
10,1,1,1.3273e+07,1.27572e+07,1.1682e+07
10,2,1,1.04339e+07,9.54053e+06,8.66885e+06
10,4,1,6.05686e+06,5.39097e+06,4.69457e+06
10,5,1,5.07285e+06,4.34359e+06,3.80415e+06
10,6,1,4.62434e+06,3.8481e+06,3.39883e+06
10,7,1,4.60757e+06,3.87462e+06,3.41436e+06
10,8,1,7.79817e+06,6.21976e+06,5.6301e+06
10,10,1,8.92276e+06,7.77865e+06,7.09433e+06
10,16,1,1.00247e+07,8.97643e+06,8.16877e+06
10,32,1,1.20223e+07,1.11101e+07,1.01399e+07
10,64,1,1.69402e+07,1.60252e+07,1.46141e+07
10,1,1,1.09796e+07,1.05414e+07,9.5281e+06
10,2,1,5.49904e+06,5.11639e+06,4.60332e+06
10,4,1,4.91412e+06,4.30901e+06,3.82525e+06
10,5,1,4.12883e+06,3.48257e+06,3.10357e+06
10,6,1,3.93432e+06,3.21568e+06,2.84021e+06
10,7,1,3.85194e+06,3.06398e+06,2.65486e+06
10,8,1,5.00004e+06,4.1201e+06,3.5871e+06
10,10,1,7.64616e+06,6.56488e+06,5.982e+06
10,16,1,9.15898e+06,8.28935e+06,7.4847e+06
10,32,1,1.19526e+07,1.08893e+07,9.91852e+06
10,64,1,1.68556e+07,1.5565e+07,1.41624e+07
10,1,1,9.75533e+06,9.38519e+06,8.54214e+06
10,2,1,6.67922e+06,6.15787e+06,5.53615e+06
10,4,1,4.38166e+06,3.70354e+06,3.2428e+06
10,5,1,4.22204e+06,3.5874e+06,3.08851e+06
10,6,1,4.30222e+06,3.37765e+06,2.89808e+06
10,7,1,5.29705e+06,4.03379e+06,3.63963e+06
10,8,1,5.1051e+06,4.32421e+06,3.84181e+06
10,10,1,7.40601e+06,6.38518e+06,5.74904e+06
10,16,1,8.53962e+06,7.56222e+06,6.86442e+06
10,32,1,1.15422e+07,1.03896e+07,9.17954e+06
10,64,1,1.63285e+07,1.5304e+07,1.3978e+07
10,1,1,9.31532e+06,8.92519e+06,8.10412e+06
10,2,1,6.89469e+06,6.34508e+06,5.7273e+06
10,4,1,5.15685e+06,4.47597e+06,4.0009e+06
